조회시점,부실순증금액,선행종합지수,철강생산량,건설수주액,KOSPI지수,VIX지수,CD금리,USD리보금리,장단기금리차(한국),장단기금리차(미국),고위험 스프레드,소비자물가지수,근원물가지수,국제유가,경제심리지수,기업경기실사지수,원달러환율,외환보유액,코로나구분
2013-01-01,337.1298448400005,99.5,19449.0,5731.9,1986.103181818182,13.5052380952381,2.86,0.298,0.1000000000000001,1.64952380952381,4.918181818181818,92.728,90.299,110.46,94.0,69.0,1065.35,328.910278,이전
2013-02-01,-192.5955963500005,99.4,19369.0,5315.3,1979.854736842105,14.07263157894737,2.83,0.2871,0.08,1.716842105263158,4.993,93.038,90.531,107.23,94.3,68.0,1086.68,327.395341,이전
2013-03-01,-264.74333601999683,99.4,16314.0,5487.3,1990.243,13.0315,2.81,0.2826,-0.0500000000000002,1.7015,4.804285714285714,92.952,90.402,106.83,94.7,71.0,1102.2,327.408423,이전
2013-04-01,33.29160667000269,99.4,19027.0,5617.8,1938.884090909091,13.96727272727273,2.8,0.2731,-0.1200000000000001,1.526818181818182,4.76409090909091,92.823,90.342,101.61,95.1,73.0,1121.83,328.799477,이전
2013-05-01,-619.4696169700017,99.4,18757.0,5900.8,1974.453809523809,13.49363636363636,2.72,0.27525,0.1300000000000003,1.677727272727273,4.378260869565217,92.823,90.685,98.57,95.6,73.0,1110.67,328.095419,이전
2013-06-01,-715.2408683700006,99.5,19308.0,5686.3,1884.412631578947,17.2715,2.69,0.2731,0.5899999999999999,1.9665,5.058095238095238,92.71,90.737,100.2,96.1,74.0,1135.21,326.439981,이전
2013-07-01,459.57728535999786,99.7,18797.0,5674.1,1871.768260869565,13.97454545454545,2.68,0.2656,0.7000000000000002,2.241363636363637,4.81695652173913,92.909,90.754,103.83,96.7,70.0,1127.23,329.709314,이전
2013-08-01,-232.8318366899992,99.8,19220.0,5900.5,1896.961904761905,14.21,2.66,0.2595,0.7599999999999998,2.380909090909091,4.750952380952381,93.238,90.711,112.39,97.2,70.0,1116.98,331.093643,이전
2013-09-01,-241.73322017999567,99.8,17399.0,5730.7,1984.394444444444,14.692,2.66,0.24885,0.6699999999999999,2.4055,4.642857142857143,93.419,90.986,105.09,97.8,72.0,1087.35,336.921772,이전
2013-10-01,36.08022359000074,99.7,17327.0,6030.2,2029.675238095238,15.40782608695652,2.66,0.242,0.5800000000000001,2.280454545454546,4.554347826086956,93.134,91.089,106.92,98.3,75.0,1066.8,343.225517,이전
2013-11-01,-94.9478332299982,99.8,19949.0,6495.3,2009.924285714286,12.924,2.65,0.2391,0.7370000000000001,2.414736842105263,4.321363636363636,93.116,91.32,108.85,98.8,74.0,1062.82,345.011747,이전
2013-12-01,-357.20321163000176,99.9,19737.0,6962.8,1988.334,14.19238095238095,2.65,0.2461,0.7989999999999999,2.561904761904762,4.087142857142857,93.229,91.381,107.89,99.1,73.0,1056.67,346.459569,이전
2014-01-01,43.045763670004135,100.0,19972.0,7128.3,1948.2195,14.24095238095238,2.65,0.2366,0.758,2.464285714285714,3.967727272727273,93.73,91.638,104.34,99.3,72.0,1064.75,348.393811,이전
2014-02-01,242.2548426299984,99.9,19605.0,7002.4,1937.733,15.47,2.65,0.23565,0.6709999999999998,2.382631578947368,4.0305,93.98,91.793,105.27,99.3,74.0,1071.3,351.79176,이전
2014-03-01,139.78994328999875,99.9,17291.0,7479.8,1952.429523809524,14.83666666666667,2.65,0.2306,0.6890000000000001,2.324285714285714,3.807619047619047,94.153,91.972,104.63,99.2,75.0,1070.89,354.341349,이전
2014-04-01,41.59286985999938,99.8,20161.0,6819.6,1991.191363636364,14.19809523809524,2.65,0.22335,0.6779999999999999,2.288095238095238,3.705238095238095,94.214,92.102,104.86,99.0,77.0,1044.55,355.84542,이전
2014-05-01,-40.14144347000092,99.7,19740.0,7046.5,1994.134736842105,12.4752380952381,2.65,0.2274,0.5919999999999996,2.17,3.75,94.369,92.325,106.41,98.8,74.0,1024.99,360.912745,이전
2014-06-01,28.831955379999272,99.5,19862.0,6506.7,1995.083684210526,11.54142857142857,2.65,0.2307,0.492,2.146190476190476,3.471904761904762,94.248,92.291,109.0,98.6,71.0,1019.36,366.545511,이전
2014-07-01,-182.12128998999856,99.4,19891.0,7365.3,2021.952173913043,12.29636363636364,2.65,0.2391,0.2749999999999999,2.035909090909091,3.653043478260869,94.386,92.462,103.81,98.5,70.0,1019.93,368.026376,이전
2014-08-01,200.5297612400016,99.3,19586.0,7266.1,2060.9335,13.49190476190476,2.52,0.2336,0.4330000000000003,1.947619047619048,3.971818181818182,94.551,92.591,101.05,98.4,70.0,1025.36,367.534108,이전
2014-09-01,-337.55789251000306,99.4,18506.0,8429.0,2042.710526315789,13.46666666666667,2.35,0.2351,0.419,1.967619047619048,4.06,94.49,92.506,95.51,98.4,72.0,1033.24,364.406672,이전
2014-10-01,-89.46403059000113,99.6,18790.0,8640.2,1942.802857142857,18.05869565217391,2.21,0.2321,0.3599999999999999,1.858636363636364,4.514347826086956,94.205,92.557,83.24,98.4,69.0,1060.28,363.723405,이전
2014-11-01,-370.7911781100013,99.6,20135.0,8734.1,1959.647,13.41315789473684,2.14,0.2336,0.3450000000000002,1.798333333333333,4.457619047619048,94.015,92.54,67.92,98.5,71.0,1095.1,363.095393,이전
2014-12-01,-246.09796083000003,99.7,19589.0,7288.2,1941.925714285714,16.29227272727273,2.13,0.2556,0.3470000000000002,1.571818181818182,5.075909090909091,94.006,92.66,53.85,98.6,71.0,1104.33,363.592748,이전
2015-01-01,6.624128939995899,99.7,19440.0,6794.1,1920.992857142857,19.1195,2.13,0.2531,0.1679999999999999,1.33,5.294285714285714,94.643,93.882,45.69,98.7,71.0,1088.86,362.186186,이전
2015-02-01,-249.10745499999643,100.0,19007.0,7709.6,1961.001176470588,15.90421052631579,2.12,0.2619,0.1260000000000001,1.356315789473684,4.711428571428572,94.587,93.995,58.07,98.6,71.0,1098.4,362.370074,이전
2015-03-01,-232.8008140099978,100.1,16655.0,8389.7,2012.619090909091,14.81272727272727,1.95,0.2708,0.149,1.402272727272727,4.664545454545455,94.596,94.137,52.6,98.5,74.0,1112.57,362.750264,이전
2015-04-01,-349.8695669700023,100.3,19331.0,10340.8,2107.268181818182,13.4947619047619,1.81,0.2788,0.127,1.395,4.626666666666667,94.625,94.194,63.38,98.2,78.0,1088.66,369.902086,이전
2015-05-01,51.96273596000288,100.4,18980.0,10031.0,2114.898888888889,13.3385,1.8,0.2838,0.3699999999999999,1.5885,4.509523809523809,94.89,94.383,61.37,97.8,75.0,1091.27,371.505613,이전
2015-06-01,703.1569297599991,100.6,19616.0,11749.7,2063.685909090909,14.33954545454546,1.7,0.2832,0.47,1.675,4.66,94.909,94.345,60.91,97.4,66.0,1112.2,374.749258,이전
2015-07-01,-360.7866600499981,100.4,19458.0,11189.4,2058.034347826087,14.35227272727273,1.65,0.3086,0.5680000000000001,1.656818181818182,5.106086956521739,95.08,94.78,53.13,97.0,70.0,1143.22,370.822336,이전
2015-08-01,-221.2816666600017,100.4,19224.0,11242.1,1952.549,19.42809523809524,1.64,0.329,0.456,1.469523809523809,5.658095238095238,95.213,94.969,48.22,96.6,69.0,1179.1,367.938017,이전
2015-09-01,-90.2682680699993,100.3,18989.0,10458.5,1939.5825,24.37714285714286,1.6,0.325,0.3660000000000001,1.459523809523809,5.868181818181818,94.966,94.752,44.04,96.2,69.0,1184.76,368.113633,이전
2015-10-01,-134.11646294000002,100.5,18479.0,13341.3,2020.567142857143,16.78954545454545,1.58,0.3341,0.304,1.425238095238095,6.197391304347826,94.966,94.846,45.61,95.8,73.0,1148.18,369.600626,이전
2015-11-01,142.82541895999998,100.5,19614.0,13650.7,2006.780952380952,16.21,1.59,0.4162,0.4550000000000001,1.378421052631579,6.136190476190476,94.786,94.903,39.67,95.3,69.0,1151.97,368.463398,이전
2015-12-01,626.8576884599996,100.4,19290.0,14363.3,1971.528571428571,18.02545454545455,1.67,0.6127,0.4219999999999999,1.26,6.870909090909091,95.07,95.111,32.13,94.8,69.0,1172.24,367.961865,이전
2016-01-01,-639.6250193700005,100.0,18058.0,10451.7,1894.651,23.7178947368421,1.67,0.6126,0.282,1.185789473684211,7.625238095238095,95.232,95.555,29.5,94.3,67.0,1201.67,367.29333,이전
2016-02-01,-30.30024033000086,99.7,18961.0,10620.6,1900.61,22.517,1.64,0.6331,0.096,1.046,8.225714285714286,95.64,95.782,29.81,94.0,63.0,1217.35,365.758112,이전
2016-03-01,18.45756140999879,99.4,16886.0,11050.0,1976.502727272727,15.84909090909091,1.63,0.6286,0.121,1.014090909090909,6.983181818181818,95.393,95.905,34.86,93.9,68.0,1188.21,369.839889,이전
2016-04-01,48.3461842899992,99.4,18999.0,12415.2,1996.1705,14.30047619047619,1.61,0.6366,0.0789999999999999,1.037142857142857,6.619545454545454,95.573,96.075,44.17,94.1,70.0,1147.51,372.481509,이전
2016-05-01,192.4254217799994,99.3,18979.0,12677.6,1966.6755,14.85285714285714,1.58,0.6858,0.0609999999999999,0.99,6.260909090909092,95.63,96.302,46.16,94.4,71.0,1171.51,370.896643,이전
2016-06-01,-345.626448059998,99.3,19581.0,11367.6,1977.029523809524,17.77454545454546,1.43,0.6541,0.1259999999999999,0.9127272727272728,6.104090909090909,95.611,96.321,46.83,94.9,71.0,1170.5,369.889849,이전
2016-07-01,212.9028779699984,99.3,18564.0,10854.0,2002.482857142857,13.1585,1.36,0.7591,0.016,0.8314999999999999,5.649090909090909,95.431,96.529,38.68,95.4,71.0,1144.09,371.383929,이전
2016-08-01,349.3320637399995,99.4,19763.0,11755.5,2036.656363636364,12.3995652173913,1.35,0.8393,0.034,0.8191304347826087,5.3,95.677,96.708,44.83,95.9,72.0,1111.68,375.45942,이전
2016-09-01,228.65483434000112,99.6,19143.0,13300.0,2042.555263157895,14.21952380952381,1.34,0.8537,0.113,0.8595238095238096,5.145454545454546,96.247,96.642,45.37,96.2,72.0,1107.49,377.770474,이전
2016-10-01,96.45871026000418,99.7,18812.0,13768.5,2036.0325,14.5852380952381,1.35,0.8843,0.1819999999999999,0.9215,4.736666666666666,96.379,96.604,45.83,96.5,71.0,1125.28,375.166658,이전
2016-11-01,121.2851715300012,99.8,19537.0,13969.5,1981.746363636364,15.23619047619048,1.42,0.9342,0.5090000000000001,1.1625,4.88909090909091,96.237,96.51,45.67,96.7,73.0,1161.64,371.985331,이전
2016-12-01,-205.89525932999985,100.0,18720.0,13013.5,2021.666666666667,12.47238095238095,1.54,0.9979,0.653,1.295238095238095,4.282727272727272,96.342,96.633,53.99,96.9,73.0,1182.28,371.101605,이전
2017-01-01,77.20148040000026,100.1,19668.0,12609.0,2061.7335,11.6085,1.5,1.0346,0.581,1.226,4.011428571428572,97.366,97.228,53.0,97.2,74.0,1185.1,374.036338,이전
2017-02-01,94.7160094599983,100.3,19489.0,11108.8,2082.795,11.53052631578947,1.49,1.064,0.631,1.217894736842105,3.853,97.632,97.483,54.15,97.6,74.0,1144.92,373.908551,이전
2017-03-01,-205.58868986999937,100.5,18381.0,13251.6,2136.174545454545,11.89782608695652,1.48,1.1496,0.679,1.168695652173913,3.898260869565217,97.565,97.502,51.02,98.0,78.0,1134.77,375.302146,이전
2017-04-01,-67.45070382999711,100.6,19301.0,12355.5,2160.1825,13.13631578947368,1.43,1.1723,0.629,1.056315789473684,3.911,97.442,97.597,50.19,98.5,80.0,1132.73,376.573253,이전
2017-05-01,-3.695689049998919,100.7,18993.0,13839.0,2301.89,10.86227272727273,1.39,1.21,0.6759999999999999,1.001818181818182,3.743478260869565,97.546,97.786,49.48,99.0,80.0,1125.28,378.456235,이전
2017-06-01,-64.3659818400015,100.7,19804.0,11615.6,2372.204285714286,10.51363636363636,1.38,1.2992,0.6240000000000001,0.8445454545454546,3.750909090909091,97.338,97.729,46.6,99.5,77.0,1130.04,380.568047,이전
2017-07-01,-347.7847416200011,100.8,19303.0,12542.3,2412.899047619047,10.2645,1.39,1.3106,0.702,0.9455,3.691904761904762,97.499,97.984,51.09,100.0,78.0,1134.4,383.755561,이전
2017-08-01,-361.0463623399996,100.9,19872.0,10855.0,2372.184545454546,11.97565217391304,1.39,1.3178,0.7570000000000001,0.8739130434782609,3.833913043478261,98.058,98.126,49.67,100.5,77.0,1130.79,384.839045,이전
2017-09-01,-131.41163895999944,101.0,19978.0,11537.1,2371.84380952381,10.438,1.38,1.3339,0.7390000000000001,0.8175000000000001,3.719090909090909,98.172,97.965,55.82,100.8,81.0,1131.59,384.673968,이전
2017-10-01,-314.76911688000405,101.0,19215.0,11584.3,2482.87125,10.12545454545455,1.38,1.38122,1.007,0.8104761904761905,3.492272727272727,98.077,98.145,58.79,101.0,78.0,1131.57,384.462718,이전
2017-11-01,259.37320947000126,101.0,19269.0,12222.3,2533.51,10.54047619047619,1.45,1.48738,1.095,0.6566666666666666,3.681818181818182,97.347,97.805,60.86,101.1,80.0,1105.04,387.25122,이전
2017-12-01,-7.6505482199982,100.9,18870.0,11237.1,2467.725789473684,10.2645,1.66,1.69428,0.788,0.5585,3.601904761904762,97.698,97.965,63.77,100.9,81.0,1085.78,389.266683,이전
2018-01-01,402.9994832100035,100.8,19344.0,11576.2,2520.937727272727,11.06238095238095,1.66,1.77777,0.954,0.5519047619047619,3.349545454545455,98.106,98.192,65.75,100.5,78.0,1066.7,395.754579,이전
2018-02-01,-325.77036823999765,100.8,20510.0,13370.6,2439.104444444444,22.46473684210526,1.65,2.01719,1.047,0.6836842105263158,3.542,98.855,98.608,63.29,100.0,77.0,1079.58,394.798667,이전
2018-03-01,212.1852833400024,100.7,17545.0,14162.4,2451.57,19.02380952380953,1.65,2.31175,1.011,0.5666666666666667,3.638636363636364,98.751,98.807,66.09,99.5,77.0,1071.89,396.75359,이전
2018-04-01,21.028993710000577,100.7,19988.0,14009.7,2458.224761904762,18.26761904761905,1.65,2.36294,0.966,0.4847619047619047,3.473333333333333,98.931,98.996,70.73,99.0,79.0,1067.76,398.4215,이전
2018-05-01,-17.782204600002615,100.3,19167.0,11250.7,2461.3005,14.12454545454545,1.65,2.32125,1.032,0.4659090909090909,3.468695652173913,98.979,99.137,74.28,98.6,81.0,1076.39,398.980563,이전
2018-06-01,152.54302269000186,100.3,20227.0,11474.2,2394.507894736842,13.67809523809524,1.65,2.33575,0.9520000000000002,0.379047619047619,3.451818181818182,98.779,98.958,75.56,98.1,80.0,1092.8,400.298586,이전
2018-07-01,257.7722844100001,100.2,19816.0,11002.7,2284.253636363636,13.14761904761905,1.65,2.34856,0.8480000000000001,0.2823809523809523,3.59,98.59,98.967,72.85,97.7,75.0,1122.8,402.447534,이전
2018-08-01,-178.69800646000078,100.2,19935.0,11979.6,2283.796818181818,12.54695652173913,1.65,2.32075,0.742,0.2534782608695652,3.452608695652174,99.462,99.137,75.16,97.2,74.0,1121.15,401.131047,이전
2018-09-01,-5.811717709998675,99.8,19671.0,10543.8,2307.325882352941,12.91052631578947,1.65,2.39838,0.5880000000000001,0.2363157894736842,3.341428571428572,100.221,99.062,79.99,96.7,75.0,1120.6,402.999746,이전
2018-10-01,351.31253913000205,99.7,18285.0,10932.0,2153.476666666667,19.35217391304348,1.68,2.5585,0.6440000000000001,0.2913636363636364,3.519130434782609,100.041,99.137,74.9,96.3,73.0,1130.81,402.747935,이전
2018-11-01,44.9210654299975,99.5,19728.0,10363.1,2083.333181818182,19.38904761904762,1.71,2.73613,0.538,0.258,4.017272727272727,99.33,99.015,58.57,95.9,74.0,1128.58,402.987219,이전
2018-12-01,-137.83916710000267,99.2,19148.0,10918.4,2070.128947368421,24.95315789473684,1.91,2.80763,0.123,0.1563157894736842,4.7635,98.988,98.996,52.35,95.5,72.0,1122.9,403.694264,이전
2019-01-01,-207.66551268000148,99.0,19460.0,11294.5,2101.984090909091,19.57238095238095,1.87,2.7375,0.129,0.1704761904761905,4.572272727272727,98.884,99.223,61.37,95.2,69.0,1122.0,405.513163,이전
2019-02-01,-120.49289125000269,98.8,20371.0,11876.8,2210.198823529412,15.23052631578947,1.87,2.61513,0.109,0.1721052631578947,4.128,99.311,99.695,65.64,95.0,69.0,1122.45,404.67396,이전
2019-03-01,-103.74515496000232,98.7,17281.0,11764.3,2161.9145,14.4852380952381,1.9,2.59975,0.078,0.1614285714285714,4.010454545454546,99.121,99.544,67.61,94.9,73.0,1130.72,405.252892,이전
2019-04-01,356.9495421899978,98.8,19962.0,13069.7,2212.120454545455,12.94904761904762,1.86,2.57563,0.0209999999999999,0.1876190476190476,3.783333333333334,99.481,99.695,72.13,94.7,74.0,1140.95,404.029052,이전
2019-05-01,74.09679129000483,98.7,19399.0,12948.9,2086.898095238095,16.72181818181818,1.84,2.5025,-0.034,0.1886363636363637,4.06391304347826,99.652,99.705,63.22,94.6,73.0,1183.29,401.972476,이전
2019-06-01,-9.811931189999086,98.5,20156.0,12502.2,2105.303157894737,15.836,1.8,2.31988,-0.23,0.26,4.214285714285714,99.491,99.638,64.79,94.4,74.0,1175.62,403.071937,이전
2019-07-01,-281.10294602999966,98.3,19410.0,10459.2,2079.48,13.30590909090909,1.68,2.26563,-0.2089999999999999,0.2240909090909091,3.997391304347826,99.187,99.837,63.58,94.2,73.0,1175.31,403.112528,이전
2019-08-01,104.95651836999956,98.1,19788.0,9471.9,1944.237619047619,18.97909090909091,1.49,2.13763,-0.3089999999999999,0.055,4.293913043478261,99.425,99.969,59.62,93.9,69.0,1208.98,401.483478,이전
2019-09-01,6.116164469998466,98.0,18899.0,9275.1,2045.205263157895,15.559,1.54,2.08513,-0.167,0.0515,3.943809523809524,99.794,99.534,59.88,93.4,72.0,1197.55,403.320096,이전
2019-10-01,-46.51373547000162,98.1,17990.0,11000.5,2065.747619047619,15.46652173913044,1.46,1.90225,0.0919999999999998,0.1554545454545455,4.098260869565218,100.041,99.761,59.3,92.4,73.0,1184.13,406.323989,이전
2019-11-01,-270.9032552099993,98.5,18920.0,13050.0,2128.794761904762,12.5235,1.52,1.9055,0.3129999999999999,0.1994736842105263,4.05,99.481,99.534,62.73,90.8,74.0,1167.45,407.460269,이전
2019-12-01,-98.15172218999736,98.8,18720.0,14390.2,2147.0135,13.75666666666667,1.53,1.90838,0.2010000000000001,0.2495238095238095,3.721904761904762,99.719,99.62,65.38,88.4,76.0,1175.84,408.816146,이전
2020-01-01,-219.30862057000195,99.1,19049.0,14361.3,2203.4425,13.94095238095238,1.47,1.75113,0.2090000000000001,0.2385714285714286,3.601363636363637,100.09,99.84,57.58,85.2,75.0,1164.28,409.652586,이후
2020-02-01,200.98217340000176,99.1,18383.0,13293.8,2167.1235,19.62894736842105,1.42,1.46275,0.117,0.1731578947368421,3.921904761904762,100.16,100.07,48.64,81.5,65.0,1193.79,409.171436,이후
2020-03-01,-19.526294529999632,99.1,18129.0,14043.3,1786.746363636364,57.73681818181819,1.23,1.4505,0.286,0.4218181818181819,7.854090909090909,99.94,99.75,23.26,77.8,54.0,1220.09,400.214398,이후
2020-04-01,-702.9196373499985,98.6,18995.0,12855.2,1849.589,41.45380952380953,1.1,0.68663,0.52,0.4328571428571428,8.138095238095238,99.5,99.79,20.82,74.9,51.0,1225.23,403.982333,이후
2020-05-01,-427.4600338700028,98.4,17526.0,11860.1,1965.174210526316,30.897,1.02,0.344,0.429,0.5035000000000001,7.287272727272727,99.44,99.93,34.53,73.6,53.0,1228.67,407.310604,이후
2020-06-01,-134.69975186000124,98.0,17314.0,11515.4,2134.696818181818,31.11954545454546,0.79,0.302,0.647,0.5436363636363637,6.066363636363636,99.71,100.02,40.49,73.8,56.0,1210.01,410.754278,이후
2020-07-01,-99.17567220000024,98.3,16189.0,13600.2,2195.948695652174,26.84045454545454,0.79,0.24875,0.6140000000000001,0.4754545454545455,5.699565217391305,99.63,100.17,42.02,75.3,62.0,1198.9,416.525863,이후
2020-08-01,-143.2550202999986,98.6,17905.0,15873.7,2349.873,22.88952380952381,0.68,0.24088,0.5920000000000001,0.5104761904761905,5.123809523809523,100.19,100.36,45.42,77.7,66.0,1186.85,418.950799,이후
2020-09-01,-41.080839560000186,99.0,18460.0,16087.9,2371.51619047619,27.64761904761905,0.63,0.22513,0.714,0.5447619047619048,5.26,100.74,100.16,40.99,80.6,64.0,1178.8,420.5451,이후
2020-10-01,-435.93695127000046,99.4,18546.0,15003.2,2357.821052631579,29.43863636363636,0.63,0.21575,0.6859999999999999,0.6376190476190476,5.052173913043478,100.18,99.5,36.92,83.9,74.0,1144.68,426.509822,이후
2020-11-01,-108.46882895,99.7,18751.0,14826.3,2504.180952380952,24.9955,0.66,0.22763,0.8049999999999999,0.7042105263157895,4.525238095238096,100.09,100.16,46.55,87.2,78.0,1116.76,436.377224,이후
2020-12-01,-99.83556321000005,100.2,18720.0,15745.9,2755.770952380953,22.37409090909091,0.66,0.23838,0.813,0.7977272727272727,4.044545454545455,100.33,100.26,50.23,90.4,75.0,1095.13,443.098121,이후
2021-01-01,-191.78266510000023,100.5,19208.0,16181.8,3089.267,24.91,0.68,0.20188,0.8260000000000001,0.95,3.780476190476191,101.04,100.56,54.28,93.5,77.0,1097.49,442.727709,이후
2021-02-01,-368.4676464299997,100.8,19529.0,16506.8,3092.411666666667,23.14052631578948,0.73,0.18838,0.8580000000000001,1.142631578947368,3.526190476190476,101.58,100.7,63.06,96.4,76.0,1111.72,447.557482,이후
2021-03-01,-137.11434944000212,101.0,17670.0,16202.4,3032.469090909091,21.84304347826087,0.75,0.19425,1.06,1.463913043478261,3.547391304347826,101.84,100.82,62.43,99.1,83.0,1131.02,446.127385,이후
2021-04-01,29.06679756999847,101.3,19453.0,15947.1,3165.083181818182,17.41619047619048,0.74,0.17638,1.097,1.471818181818182,3.268095238095238,101.98,101.01,64.49,101.3,88.0,1119.4,452.309658,이후
2021-05-01,-144.1756524999994,101.6,19212.0,15833.5,3169.200526315789,19.7605,0.68,0.13138,1.167,1.466,3.333809523809524,102.05,101.12,66.62,103.2,88.0,1123.28,456.458881,이후
2021-06-01,20.08714504999807,102.0,19670.0,15436.1,3259.14,16.95681818181818,0.66,0.14575,1.191,1.316363636363636,3.174545454545455,102.05,101.14,72.97,104.6,88.0,1121.3,454.105865,이후
2021-07-01,-175.04019699999867,102.2,19048.0,15095.3,3254.573181818182,17.60333333333334,0.69,0.11775,1.156,1.099047619047619,3.17304347826087,102.26,101.45,73.32,105.5,87.0,1143.98,458.6809,이후
2021-08-01,-114.21604773999992,102.1,19840.0,14709.3,3182.500952380953,17.47272727272727,0.77,0.11963,1.093,1.065909090909091,3.321363636363636,102.75,101.7,69.35,106.2,87.0,1160.34,463.93355,이후
2021-09-01,-385.0012252599996,101.9,19513.0,15018.9,3141.699473684211,19.8247619047619,0.98,0.13013,1.016,1.133809523809524,3.117272727272727,103.17,101.58,75.9,106.6,84.0,1169.54,463.972259,이후
2021-10-01,-84.00708055999826,101.5,18013.0,14755.7,2989.873157894737,17.87142857142857,1.08,0.13225,1.414,1.19,3.149090909090909,103.35,101.83,81.94,106.8,86.0,1182.82,469.207742,이후
2021-11-01,-201.45909278999977,101.2,18672.0,15028.2,2964.301818181818,18.50047619047619,1.17,0.17325,1.378,1.0515,3.224545454545455,103.87,102.06,70.97,106.8,86.0,1182.91,463.907617,이후
2021-12-01,62.51758196999947,100.9,18539.0,14350.9,2988.494090909091,21.35454545454546,1.27,0.20913,0.969,0.785,3.269545454545455,104.04,102.51,76.48,106.6,87.0,1183.7,463.118362,이후
2022-01-01,-171.469557869999,100.8,18954.0,14453.0,2865.552,23.181,1.39,0.30886,1.091,0.7835,3.224761904761904,104.69,103.16,87.53,106.1,86.0,1194.01,461.526656,이후
2022-02-01,-8.19718299999954,100.8,19275.0,15077.3,2724.015,25.74842105263158,1.5,0.50429,1.276,0.4989473684210526,3.646,105.3,103.59,97.02,105.4,85.0,1198.34,461.766293,이후
2022-03-01,-366.2595015699991,100.6,16377.0,15450.1,2698.716190476191,26.96869565217391,1.5,0.96157,1.356,0.2182608695652174,3.788695652173913,106.06,103.72,106.01,104.5,83.0,1221.03,457.810337,이후
2022-04-01,129.58682539000142,100.5,18813.0,16478.9,2703.242857142857,24.3735,1.64,1.33486,1.841,0.2095,3.652380952380953,106.85,104.11,106.04,103.5,86.0,1232.34,449.297713,이후
2022-05-01,130.50839653999992,100.3,17915.0,15602.3,2628.338571428571,29.31363636363636,1.77,1.61071,1.722,0.2814285714285714,4.487727272727273,107.56,104.6,117.1,102.4,86.0,1269.88,447.711119,이후
2022-06-01,-50.57100737999758,100.4,18646.0,15888.5,2474.9485,28.23318181818182,1.99,2.28514,1.906,0.1452380952380952,4.87,108.22,105.04,114.99,101.1,82.0,1277.35,438.278346,이후
2022-07-01,-24.25137544000131,100.5,17956.0,16803.1,2362.794761904762,24.99523809523809,2.41,2.78829,1.328,-0.14,5.300909090909091,108.74,105.43,105.8,99.7,80.0,1307.4,438.605367,이후
2022-08-01,87.08411480999928,100.4,18816.0,17798.0,2479.571363636363,22.1695652173913,2.79,3.09971,1.041,-0.3521739130434782,4.526521739130435,108.62,105.76,95.55,98.4,81.0,1318.44,436.432145,이후
2022-09-01,253.6102904999992,100.3,17446.0,17730.3,2333.9285,27.34181818181818,3.01,3.75471,1.407,-0.3376190476190476,4.985454545454545,108.93,105.71,90.1,97.0,78.0,1391.59,416.766652,이후
2022-10-01,352.57285491000107,100.3,13965.0,17714.9,2230.271052631579,30.00571428571429,3.69,4.46029,1.327,-0.3915,4.998095238095238,109.21,106.09,90.04,95.7,76.0,1426.66,414.005699,이후
2022-11-01,353.27354228000024,100.3,15122.0,14760.5,2417.558636363636,23.29909090909091,3.99,4.77857,0.8500000000000001,-0.6125,4.676818181818182,109.1,106.4,80.21,94.6,75.0,1364.1,416.104905,이후
2022-12-01,276.59724554000195,100.1,15197.0,13474.2,2361.278571428571,21.78428571428572,4.02,4.76729,0.3530000000000002,-0.6723809523809524,4.583181818181818,109.28,106.69,78.66,93.6,74.0,1296.22,423.163664,이후
2023-01-01,696.27172132,99.6,16169.0,10641.6,2362.3565,20.16904761904762,3.8,4.81357,0.149,-0.6759999999999999,4.343809523809524,110.1,107.34,79.32,92.9,69.0,1247.25,429.967671,이후
2023-02-01,714.8056319399992,99.2,17032.0,13880.2,2450.3375,20.1205,3.52,4.971,0.0460000000000002,-0.7868421052631579,4.2005,110.38,107.69,81.3,92.5,69.0,1270.74,425.28615,이후
2023-03-01,964.202089330002,99.0,16551.0,14559.1,2417.564545454545,21.64434782608696,3.61,5.19271,0.02,-0.6395652173913043,4.691304347826088,110.56,107.91,76.84,92.3,72.0,1305.73,426.069328,이후
2023-04-01,391.1084749500026,98.7,18876.0,13946.3,2523.2855,17.81789473684211,3.5,5.30243,-0.214,-0.5559999999999999,4.5655,110.8,108.26,78.89,92.3,72.0,1320.01,426.68364,이후
2023-05-01,910.1719469699996,98.5,17963.0,10440.7,2524.4295,17.63608695652174,3.64,5.51671,-0.2469999999999999,-0.5581818181818181,4.688260869565218,111.13,108.63,72.09,92.4,76.0,1328.21,420.983378,이후
2023-06-01,519.1321985499974,98.6,18587.0,10466.3,2598.913333333333,14.00318181818182,3.75,5.54543,-0.0139999999999997,-0.8914285714285713,4.294090909090909,111.12,108.7,76.05,92.6,76.0,1296.71,421.453923,이후
2023-07-01,975.3927474199998,98.9,17817.0,11826.5,2594.387142857143,13.93238095238095,3.75,5.62693,0.1300000000000003,-0.929,3.937142857142857,111.2,108.96,85.59,92.8,74.0,1286.3,421.803807,이후
2023-08-01,770.9157460100013,99.3,17759.0,12177.8,2562.051818181818,15.85391304347826,3.7,5.66283,0.2330000000000001,-0.7339130434782608,3.903043478260869,112.33,109.25,87.15,93.0,71.0,1318.47,418.301093,이후
2023-09-01,547.7843303700017,99.3,17287.0,9882.9,2543.822105263158,15.17333333333333,3.76,5.65711,0.2849999999999997,-0.643,3.889090909090909,112.99,109.16,92.93,93.1,73.0,1329.47,414.117817,이후
2023-10-01,559.8953407500014,99.4,16288.0,9059.3,2398.477777777778,18.88772727272727,3.82,5.64436,0.6250000000000004,-0.2695238095238096,4.355454545454545,113.37,109.51,86.66,93.1,70.0,1350.69,412.873624,이후
